{"cameraMode":{"drawMode":0,"name":"Shaded","section":"Shading Mode"},"sceneLighting":true,"audioPlay":false,"sceneViewState":{"m_AlwaysRefresh":false,"showFog":true,"showSkybox":true,"showFlares":true,"showImageEffects":true,"showParticleSystems":true,"showVisualEffectGraphs":true,"m_FxEnabled":true},"in2DMode":false,"pivot":{"x":-1.087626338005066,"y":2.0912811756134035,"z":-0.34011322259902956},"rotation":{"x":0.0005004412378184497,"y":0.9928387403488159,"z":0.0041604419238865379,"w":-0.11941243708133698},"size":3.9160475730895998,"orthographic":false}