{"cameraMode":{"drawMode":0,"name":"Shaded","section":"Shading Mode"},"sceneLighting":true,"audioPlay":false,"sceneViewState":{"m_AlwaysRefresh":false,"showFog":true,"showSkybox":true,"showFlares":true,"showImageEffects":true,"showParticleSystems":true,"showVisualEffectGraphs":true,"m_FxEnabled":true},"in2DMode":false,"pivot":{"x":-1.087626338005066,"y":2.0912811756134035,"z":-0.34011322259902956},"rotation":{"x":0.018958766013383867,"y":0.9672130346298218,"z":-0.24162951111793519,"w":0.07588907331228256},"size":3.5860419273376467,"orthographic":false}